Target,Description
Get-AzApiManagementProperty.md,Missing SYNOPSIS content
Get-AzApiManagementProperty.md,Missing DESCRIPTION content
Remove-AzApiManagementAuthorizationServer.md,Missing EXAMPLES section
Update-AzApiManagementRegion.md,Missing EXAMPLES section
Remove-AzAutomationDscConfiguration.md,Missing EXAMPLES section
Remove-AzAutomationDscNodeConfiguration.md,Missing EXAMPLES section
Get-AzBatchAccountKeys.md,Missing EXAMPLES section
Remove-AzBatchJobSchedule.md,Missing EXAMPLES section
Set-AzBatchJobSchedule.md,Missing EXAMPLES section
Get-AzCdnCustomDomain.md,Missing EXAMPLES section
Get-AzCdnEdgeNode.md,Missing EXAMPLES section
Get-AzCdnEndpoint.md,Missing EXAMPLES section
Get-AzCdnEndpointNameAvailability.md,Missing EXAMPLES section
Get-AzCdnEndpointResourceUsage.md,Missing EXAMPLES section
Get-AzCdnOrigin.md,Missing EXAMPLES section
Get-AzCdnProfile.md,Missing EXAMPLES section
Get-AzCdnProfileResourceUsage.md,Missing EXAMPLES section
Get-AzCdnProfileSsoUrl.md,Missing EXAMPLES section
Get-AzCdnSubscriptionResourceUsage.md,Missing EXAMPLES section
New-AzCdnCustomDomain.md,Missing EXAMPLES section
New-AzCdnEndpoint.md,Missing EXAMPLES section
New-AzCdnProfile.md,Missing EXAMPLES section
Publish-AzCdnEndpointContent.md,Missing EXAMPLES section
Remove-AzCdnCustomDomain.md,Missing EXAMPLES section
Remove-AzCdnEndpoint.md,Missing EXAMPLES section
Remove-AzCdnProfile.md,Missing EXAMPLES section
Set-AzCdnEndpoint.md,Missing EXAMPLES section
Set-AzCdnOrigin.md,Missing EXAMPLES section
Set-AzCdnProfile.md,Missing EXAMPLES section
Start-AzCdnEndpoint.md,Missing EXAMPLES section
Stop-AzCdnEndpoint.md,Missing EXAMPLES section
Test-AzCdnCustomDomain.md,Missing EXAMPLES section
Unpublish-AzCdnEndpointContent.md,Missing EXAMPLES section
Get-AzVMADDomainExtension.md,Missing EXAMPLES section
Get-AzVMDscExtensionStatus.md,Missing EXAMPLES section
New-AzVMSqlServerKeyVaultCredentialConfig.md,Missing DESCRIPTION content
New-AzVMSqlServerKeyVaultCredentialConfig.md,Missing EXAMPLES section
Remove-AzVMAccessExtension.md,Missing EXAMPLES section
Remove-AzVMBackup.md,Missing DESCRIPTION content
Remove-AzVMCustomScriptExtension.md,Missing EXAMPLES section
Remove-AzVMNetworkInterface.md,Missing EXAMPLES section
Set-AzVMADDomainExtension.md,Missing EXAMPLES section
Set-AzVMBackupExtension.md,Missing DESCRIPTION content
Set-AzVMPlan.md,Missing EXAMPLES section
Set-AzVmssVM.md,Missing EXAMPLES section
Get-AzDtlAllowedVMSizesPolicy.md,Missing EXAMPLES section
Get-AzDtlAutoShutdownPolicy.md,Missing EXAMPLES section
Get-AzDtlAutoStartPolicy.md,Missing EXAMPLES section
Get-AzDtlVMsPerLabPolicy.md,Missing EXAMPLES section
Get-AzDtlVMsPerUserPolicy.md,Missing EXAMPLES section
Set-AzDtlAllowedVMSizesPolicy.md,Missing EXAMPLES section
Set-AzDtlAutoShutdownPolicy.md,Missing EXAMPLES section
Set-AzDtlAutoStartPolicy.md,Missing EXAMPLES section
Set-AzDtlVMsPerLabPolicy.md,Missing EXAMPLES section
Set-AzDtlVMsPerUserPolicy.md,Missing EXAMPLES section
Get-AzLogProfile.md,Missing EXAMPLES section
New-AzAutoscaleWebhook.md,Missing EXAMPLES section
Remove-AzAutoscaleSetting.md,Missing EXAMPLES section
Remove-AzLogProfile.md,Missing EXAMPLES section
Add-AzApplicationGatewayAuthenticationCertificate.md,Missing EXAMPLES section
Add-AzApplicationGatewayUrlPathMapConfig.md,Missing EXAMPLES section
Add-AzLoadBalancerInboundNatPoolConfig.md,Missing SYNOPSIS content
Add-AzLoadBalancerInboundNatPoolConfig.md,Missing DESCRIPTION content
Get-AzApplicationGatewayAuthenticationCertificate.md,Missing EXAMPLES section
Get-AzApplicationGatewayBackendAddressPool.md,Missing DESCRIPTION content
Get-AzLoadBalancerInboundNatPoolConfig.md,Missing SYNOPSIS content
Get-AzLoadBalancerInboundNatPoolConfig.md,Missing DESCRIPTION content
Get-AzRouteFilter.md,Missing EXAMPLES section
Get-AzRouteFilterRuleConfig.md,Missing EXAMPLES section
New-AzApplicationGatewayAuthenticationCertificate.md,Missing EXAMPLES section
New-AzLoadBalancerInboundNatPoolConfig.md,Missing SYNOPSIS content
New-AzLoadBalancerInboundNatPoolConfig.md,Missing DESCRIPTION content
New-AzRouteFilter.md,Missing EXAMPLES section
New-AzRouteFilterRuleConfig.md,Missing EXAMPLES section
Remove-AzApplicationGatewayAuthenticationCertificate.md,Missing EXAMPLES section
Remove-AzApplicationGatewayUrlPathMapConfig.md,Missing EXAMPLES section
Remove-AzLoadBalancerInboundNatPoolConfig.md,Missing SYNOPSIS content
Remove-AzLoadBalancerInboundNatPoolConfig.md,Missing DESCRIPTION content
Remove-AzRouteFilter.md,Missing EXAMPLES section
Remove-AzRouteFilterRuleConfig.md,Missing EXAMPLES section
Set-AzApplicationGatewayAuthenticationCertificate.md,Missing EXAMPLES section
Set-AzApplicationGatewayUrlPathMapConfig.md,Missing EXAMPLES section
Set-AzLoadBalancerInboundNatPoolConfig.md,Missing SYNOPSIS content
Set-AzLoadBalancerInboundNatPoolConfig.md,Missing DESCRIPTION content
Set-AzRouteFilter.md,Missing EXAMPLES section
Set-AzRouteFilterRuleConfig.md,Missing EXAMPLES section
New-AzNotificationHubKey.md,Missing EXAMPLES section
New-AzNotificationHubsNamespaceKey.md,Missing EXAMPLES section
Disable-AzOperationalInsightsIISLogCollection.md,Missing EXAMPLES section
Disable-AzOperationalInsightsLinuxCustomLogCollection.md,Missing EXAMPLES section
Disable-AzOperationalInsightsLinuxPerformanceCollection.md,Missing EXAMPLES section
Disable-AzOperationalInsightsLinuxSyslogCollection.md,Missing EXAMPLES section
Enable-AzOperationalInsightsIISLogCollection.md,Missing EXAMPLES section
Enable-AzOperationalInsightsLinuxCustomLogCollection.md,Missing EXAMPLES section
Enable-AzOperationalInsightsLinuxPerformanceCollection.md,Missing EXAMPLES section
Enable-AzOperationalInsightsLinuxSyslogCollection.md,Missing EXAMPLES section
Get-AzOperationalInsightsDataSource.md,Missing EXAMPLES section
New-AzOperationalInsightsAzureActivityLogDataSource.md,Missing EXAMPLES section
New-AzOperationalInsightsComputerGroup.md,Missing EXAMPLES section
New-AzOperationalInsightsCustomLogDataSource.md,Missing EXAMPLES section
New-AzOperationalInsightsLinuxPerformanceObjectDataSource.md,Missing EXAMPLES section
New-AzOperationalInsightsLinuxSyslogDataSource.md,Missing EXAMPLES section
New-AzOperationalInsightsWindowsEventDataSource.md,Missing EXAMPLES section
New-AzOperationalInsightsWindowsPerformanceCounterDataSource.md,Missing EXAMPLES section
Remove-AzOperationalInsightsDataSource.md,Missing EXAMPLES section
Set-AzOperationalInsightsDataSource.md,Missing EXAMPLES section
Get-AzResourceProvider.md,Missing EXAMPLES section
Invoke-AzResourceAction.md,Missing EXAMPLES section
Remove-AzResourceGroupDeployment.md,Missing EXAMPLES section
Test-AzResourceGroupDeployment.md,Missing EXAMPLES section
Unregister-AzResourceProvider.md,Missing EXAMPLES section
Get-AzSqlDatabaseGeoBackupPolicy.md,Missing EXAMPLES section
Get-AzSqlDatabaseReplicationLink.md,Missing EXAMPLES section
Get-AzSqlServerBackupLongTermRetentionVault.md,Missing EXAMPLES section
Get-AzSqlServerDisasterRecoveryConfiguration.md,Missing EXAMPLES section
Get-AzSqlServerDisasterRecoveryConfigurationActivity.md,Missing EXAMPLES section
New-AzSqlDatabaseCopy.md,Missing EXAMPLES section
New-AzSqlServerDisasterRecoveryConfiguration.md,Missing EXAMPLES section
Remove-AzSqlDatabaseSecondary.md,Missing EXAMPLES section
Remove-AzSqlServerDisasterRecoveryConfiguration.md,Missing EXAMPLES section
Set-AzSqlDatabaseGeoBackupPolicy.md,Missing EXAMPLES section
Set-AzSqlDatabaseSecondary.md,Missing EXAMPLES section
Set-AzSqlServerBackupLongTermRetentionVault.md,Missing EXAMPLES section
Set-AzSqlServerDisasterRecoveryConfiguration.md,Missing EXAMPLES section
Edit-AzWebAppBackupConfiguration.md,Missing SYNOPSIS content
Edit-AzWebAppBackupConfiguration.md,Missing EXAMPLES section
Get-AzAppServicePlanMetric.md,Missing SYNOPSIS content
Get-AzWebAppBackup.md,Missing SYNOPSIS content
Get-AzWebAppBackupConfiguration.md,Missing SYNOPSIS content
Get-AzWebAppBackupList.md,Missing SYNOPSIS content
New-AzWebAppBackup.md,Missing SYNOPSIS content
New-AzWebAppDatabaseBackupSetting.md,Missing SYNOPSIS content
Remove-AzWebAppBackup.md,Missing SYNOPSIS content
Remove-AzWebAppSlot.md,Missing SYNOPSIS content
Reset-AzWebAppPublishingProfile.md,Missing SYNOPSIS content
Reset-AzWebAppSlotPublishingProfile.md,Missing SYNOPSIS content
Restart-AzWebAppSlot.md,Missing SYNOPSIS content
Restore-AzWebAppBackup.md,Missing SYNOPSIS content
Add-AzHDInsightSecurityProfile.md,Missing EXAMPLES section
Find-AzDataProtectionRestorableTimeRange.md,Missing SYNOPSIS content
Find-AzDataProtectionRestorableTimeRange.md,Missing DESCRIPTION content
